﻿<?xml version="1.0" encoding="utf-8"?>

<livearea style="a2" format-ver="01.01" content-rev="1">
	<livearea-background>
		<image>bg0.png</image>
	</livearea-background>
	
	<gate>
		<startup-image>startup.png</startup-image>
	</gate>

	<frame id="frame1">
	
		<liveitem>
			<background>frame1.png</background>
			<text align="center" valign="bottom">
				<str color="#ffffff" size="24" ></str>
			</text>
		</liveitem>

	</frame>
	
	<frame id="frame2">
	
		<liveitem>
			<background>frame2.png</background>
			<text align="center" valign="bottom">
				<str color="#000000" size="24" ></str>
			</text>
		</liveitem>

	</frame>
	

</livearea>


