<?xml version="1.0" encoding="utf-8"?>

<livearea style="psmobile" format-ver="01.00" content-rev="1">
	<livearea-background>
		<image>bg0.png</image>
	</livearea-background>
	 
	<gate>
		<startup-image>startup.png</startup-image>
	</gate>	
	<frame id="frame4">
   <liveitem default="on">   
     <text valign="bottom" align="left" text-align="left" text-valign="bottom">
       <str size="17" bold="on" shadow="on">©2004-2011 Nihon Falcom Corporation. Licensed to and published by XSEED Games.</str>
     </text>
   </liveitem>
  </frame>
</livearea>
